{
  "blind_spot_scores": [
    0.3962071115016008,
    0.3617441543792995
  ],
  "mean_blind_spot_score": 0.37897563294045017,
  "per_position_coverage": [
    [
      489,
      0.6068268545142478
    ],
    [
      448,
      0.610307089099448
    ],
    [
      493,
      0.6117006571849701
    ],
    [
      492,
      0.6118913858332679
    ],
    [
      500,
      0.6143029125256932
    ],
    [
      504,
      0.6160408371948529
    ],
    [
      497,
      0.6165031708086347
    ],
    [
      501,
      0.616972939238208
    ],
    [
      416,
      0.6176633569572786
    ],
    [
      499,
      0.6177229653689019
    ],
    [
      451,
      0.6192761556771421
    ],
    [
      495,
      0.6193124740359961
    ],
    [
      477,
      0.6195082644292835
    ],
    [
      454,
      0.6210343564291195
    ],
    [
      483,
      0.6212709502683716
    ],
    [
      455,
      0.6225257295205927
    ],
    [
      502,
      0.6227260007669931
    ],
    [
      443,
      0.6258179534834006
    ],
    [
      445,
      0.6268115688192591
    ]
  ],
  "blind_spot_positions": [],
  "hard_blind_spot_positions": [],
  "blind_spot_fraction": 0.0,
  "repertoire_at_risk": false,
  "n_antigens": 2
}